Season,Age,Tm,Lg,Pos,G,GS,MP,FG,FGA,FG%,3P,3PA,3P%,FT,FTA,FT%,ORB,TRB,AST,STL,BLK,TOV,PF,PTS,Player_link
2019-20,22,MIA,NBA,PF,1,0,11:40,4,5,.800,0,0,,0,0,,0,2,1,0,0,1,0,8,https://www.basketball-reference.com/players/a/adebaba01.html
2011-12,26,POR,NBA,PF,1,0,9:48,2,5,.400,0,0,,0,0,,0,1,1,0,0,0,0,4,https://www.basketball-reference.com/players/a/aldrila01.html
2012-13,27,POR,NBA,PF,1,0,11:27,0,2,.000,0,0,,0,0,,0,4,1,0,2,1,0,0,https://www.basketball-reference.com/players/a/aldrila01.html
2013-14,28,POR,NBA,PF,1,0,13:17,2,9,.222,0,0,,0,0,,3,5,0,0,0,0,0,4,https://www.basketball-reference.com/players/a/aldrila01.html
2014-15,29,POR,NBA,PF,1,1,18:08,7,11,.636,4,4,1.000,0,0,,1,2,0,0,0,1,0,18,https://www.basketball-reference.com/players/a/aldrila01.html
2015-16,30,SAS,NBA,PF,1,0,14:13,2,8,.250,0,1,.000,0,0,,1,4,1,1,0,0,0,4,https://www.basketball-reference.com/players/a/aldrila01.html
2017-18,32,SAS,NBA,C,1,0,4:28,0,1,.000,0,0,,0,0,,0,0,0,0,1,0,0,0,https://www.basketball-reference.com/players/a/aldrila01.html
2018-19,33,SAS,NBA,C,1,0,10:47,1,2,.500,0,0,,0,0,,0,4,1,0,0,0,0,2,https://www.basketball-reference.com/players/a/aldrila01.html
2016-17,22,MIL,NBA,SF,1,1,22:53,14,17,.824,0,1,.000,2,2,1.000,3,6,1,3,1,0,0,30,https://www.basketball-reference.com/players/a/antetgi01.html
2017-18,23,MIL,NBA,PF,1,1,26:34,6,14,.429,0,2,.000,4,6,.667,4,7,2,0,0,2,2,16,https://www.basketball-reference.com/players/a/antetgi01.html
2018-19,24,MIL,NBA,PF,1,1,27:09,17,23,.739,2,6,.333,2,2,1.000,4,11,5,1,0,3,2,38,https://www.basketball-reference.com/players/a/antetgi01.html
2019-20,25,MIL,NBA,PF,1,1,30:45,12,21,.571,1,4,.250,0,2,.000,4,11,4,1,3,1,4,25,https://www.basketball-reference.com/players/a/antetgi01.html
2006-07,22,DEN,NBA,SF,1,0,25:10,10,15,.667,0,0,,0,0,,3,9,1,1,0,0,2,20,https://www.basketball-reference.com/players/a/anthoca01.html
2007-08,23,DEN,NBA,SF,1,1,21:38,8,17,.471,0,0,,2,3,.667,5,7,1,0,0,2,0,18,https://www.basketball-reference.com/players/a/anthoca01.html
2009-10,25,DEN,NBA,SF,1,1,28:59,13,22,.591,1,4,.250,0,1,.000,4,10,2,0,0,2,0,27,https://www.basketball-reference.com/players/a/anthoca01.html
2010-11,26,DEN,NBA,SF,1,1,22:44,4,10,.400,0,1,.000,0,0,,3,7,2,1,1,2,3,8,https://www.basketball-reference.com/players/a/anthoca01.html
2011-12,27,NYK,NBA,SF,1,1,30:20,7,15,.467,0,3,.000,5,7,.714,4,9,0,2,0,0,0,19,https://www.basketball-reference.com/players/a/anthoca01.html
2012-13,28,NYK,NBA,PF,1,1,30:30,8,14,.571,3,7,.429,7,9,.778,5,12,3,0,0,1,0,26,https://www.basketball-reference.com/players/a/anthoca01.html
2013-14,29,NYK,NBA,PF,1,1,30:06,10,18,.556,8,13,.615,2,2,1.000,3,5,2,0,0,0,3,30,https://www.basketball-reference.com/players/a/anthoca01.html
2014-15,30,NYK,NBA,SF,1,1,30:16,6,20,.300,2,13,.154,0,0,,3,7,0,1,1,1,2,14,https://www.basketball-reference.com/players/a/anthoca01.html
2015-16,31,NYK,NBA,SF,1,1,22:56,6,11,.545,1,5,.200,0,0,,3,6,0,0,1,2,2,13,https://www.basketball-reference.com/players/a/anthoca01.html
2016-17,32,NYK,NBA,SF,1,0,19:00,4,8,.500,2,6,.333,0,0,,0,3,0,0,0,0,0,10,https://www.basketball-reference.com/players/a/anthoca01.html
2017-18,24,WAS,NBA,SG,1,0,16:51,5,10,.500,4,8,.500,0,0,,0,0,0,1,0,1,1,14,https://www.basketball-reference.com/players/b/bealbr01.html
2018-19,25,WAS,NBA,SG,1,0,17:42,4,11,.364,3,10,.300,0,0,,1,1,3,1,0,0,0,11,https://www.basketball-reference.com/players/b/bealbr01.html
2019-20,23,PHO,NBA,SG,1,0,19:00,3,8,.375,0,4,.000,0,0,,2,4,0,0,1,4,1,6,https://www.basketball-reference.com/players/b/bookede01.html
2005-06,21,TOR,NBA,C,1,0,16:35,3,7,.429,0,0,,2,3,.667,2,8,2,0,0,1,1,8,https://www.basketball-reference.com/players/b/boshch01.html
2006-07,22,TOR,NBA,C,1,1,22:29,5,7,.714,0,0,,1,2,.500,3,7,1,0,0,0,0,11,https://www.basketball-reference.com/players/b/boshch01.html
2007-08,23,TOR,NBA,C,1,1,21:32,7,15,.467,0,0,,0,2,.000,2,7,1,0,0,1,1,14,https://www.basketball-reference.com/players/b/boshch01.html
2008-09,24,TOR,NBA,C,,,,,,,,,,,,,,,,,,,,,https://www.basketball-reference.com/players/b/boshch01.html
2009-10,25,TOR,NBA,C,1,0,29:08,9,16,.563,0,0,,5,7,.714,2,10,1,2,0,3,0,23,https://www.basketball-reference.com/players/b/boshch01.html
2010-11,26,MIA,NBA,PF,1,0,20:56,7,10,.700,0,1,.000,0,1,.000,2,5,2,0,1,3,0,14,https://www.basketball-reference.com/players/b/boshch01.html
2011-12,27,MIA,NBA,PF,1,0,20:08,3,9,.333,1,2,.500,0,0,,1,2,1,2,1,1,2,7,https://www.basketball-reference.com/players/b/boshch01.html
2012-13,28,MIA,NBA,C,1,1,23:22,3,9,.333,0,3,.000,0,0,,0,2,1,1,0,3,3,6,https://www.basketball-reference.com/players/b/boshch01.html
2013-14,29,MIA,NBA,C,1,0,10:07,2,3,.667,1,2,.500,0,0,,0,2,0,2,0,1,1,5,https://www.basketball-reference.com/players/b/boshch01.html
2014-15,30,MIA,NBA,C,1,0,10:55,4,6,.667,2,4,.500,0,0,,1,3,1,2,0,1,0,10,https://www.basketball-reference.com/players/b/boshch01.html
2015-16,31,MIA,NBA,PF,,0,0:00,0,0,,0,0,,0,0,,0,0,0,0,0,0,0,0,https://www.basketball-reference.com/players/b/boshch01.html
2014-15,25,CHI,NBA,SG,1,0,9:13,3,4,.750,0,1,.000,0,0,,1,1,1,2,0,2,0,6,https://www.basketball-reference.com/players/b/butleji01.html
2015-16,26,CHI,NBA,SG,,0,0:00,0,0,,0,0,,0,0,,0,0,0,0,0,0,0,0,https://www.basketball-reference.com/players/b/butleji01.html
2016-17,27,CHI,NBA,SF,1,1,19:29,3,4,.750,0,1,.000,0,0,,0,3,2,1,0,1,0,6,https://www.basketball-reference.com/players/b/butleji01.html
2017-18,28,MIN,NBA,SG,,0,0:00,0,0,,0,0,,0,0,,0,0,0,0,0,0,0,0,https://www.basketball-reference.com/players/b/butleji01.html
2019-20,30,MIA,NBA,SF,1,0,12:55,2,2,1.000,0,0,,0,0,,2,3,2,2,0,4,0,4,https://www.basketball-reference.com/players/b/butleji01.html
2011-12,24,LAL,NBA,C,1,1,5:31,0,3,.000,0,1,.000,0,0,,1,3,1,1,1,0,0,0,https://www.basketball-reference.com/players/b/bynuman01.html
2014-15,24,SAC,NBA,C,1,0,18:06,6,7,.857,0,0,,2,3,.667,4,7,0,0,0,1,1,14,https://www.basketball-reference.com/players/c/couside01.html
2015-16,25,SAC,NBA,C,1,0,11:36,5,5,1.000,1,1,1.000,0,0,,1,4,1,0,0,0,2,11,https://www.basketball-reference.com/players/c/couside01.html
2016-17,26,SAC,NBA,C,1,0,2:27,1,3,.333,1,3,.333,0,0,,0,0,0,1,0,0,0,3,https://www.basketball-reference.com/players/c/couside01.html
2017-18,27,NOP,NBA,C,,0,,,,,,,,,,,,,,,,,,,https://www.basketball-reference.com/players/c/couside01.html
2013-14,25,GSW,NBA,PG,1,1,27:36,4,14,.286,2,11,.182,2,2,1.000,1,3,11,1,0,2,1,12,https://www.basketball-reference.com/players/c/curryst01.html
2014-15,26,GSW,NBA,PG,1,1,26:36,6,16,.375,3,10,.300,0,0,,4,9,5,1,0,5,1,15,https://www.basketball-reference.com/players/c/curryst01.html
2015-16,27,GSW,NBA,PG,1,1,28:50,10,18,.556,6,13,.462,0,0,,1,5,6,4,0,2,1,26,https://www.basketball-reference.com/players/c/curryst01.html
2016-17,28,GSW,NBA,PG,1,1,28:18,8,16,.500,5,11,.455,0,0,,1,4,6,1,0,0,3,21,https://www.basketball-reference.com/players/c/curryst01.html
2017-18,29,GSW,NBA,PG,1,1,26:35,4,14,.286,3,11,.273,0,0,,2,6,5,1,0,6,0,11,https://www.basketball-reference.com/players/c/curryst01.html
2018-19,30,GSW,NBA,PG,1,1,29:25,6,23,.261,4,17,.235,1,1,1.000,1,9,7,0,0,2,0,17,https://www.basketball-reference.com/players/c/curryst01.html
2013-14,20,NOP,NBA,PF,1,0,9:35,5,6,.833,0,0,,0,0,,0,1,0,2,0,1,0,10,https://www.basketball-reference.com/players/d/davisan02.html
2014-15,21,NOP,NBA,PF,,0,,,,,,,,,,,,,,,,,,,https://www.basketball-reference.com/players/d/davisan02.html
2015-16,22,NOP,NBA,C,1,0,15:19,12,13,.923,0,0,,0,0,,3,6,0,1,0,0,1,24,https://www.basketball-reference.com/players/d/davisan02.html
2016-17,23,NOP,NBA,C,1,1,31:50,26,39,.667,0,4,.000,0,0,,4,10,0,2,0,1,1,52,https://www.basketball-reference.com/players/d/davisan02.html
2017-18,24,NOP,NBA,PF,1,1,16:40,6,9,.667,0,1,.000,0,0,,1,2,1,0,0,1,2,12,https://www.basketball-reference.com/players/d/davisan02.html
2018-19,25,NOP,NBA,C,1,0,4:53,2,2,1.000,1,1,1.000,0,0,,0,1,0,0,0,0,0,5,https://www.basketball-reference.com/players/d/davisan02.html
2019-20,26,LAL,NBA,PF,1,1,20:21,9,16,.563,1,6,.167,1,2,.500,2,9,1,3,3,1,3,20,https://www.basketball-reference.com/players/d/davisan02.html
2013-14,24,TOR,NBA,SG,1,0,14:52,4,7,.571,0,1,.000,0,0,,1,3,2,0,0,0,0,8,https://www.basketball-reference.com/players/d/derozde01.html
2015-16,26,TOR,NBA,SG,1,0,18:54,9,15,.600,0,3,.000,0,1,.000,1,1,2,1,0,1,0,18,https://www.basketball-reference.com/players/d/derozde01.html
2016-17,27,TOR,NBA,SG,1,1,24:02,8,15,.533,0,0,,0,0,,1,5,6,2,0,4,0,16,https://www.basketball-reference.com/players/d/derozde01.html
2017-18,28,TOR,NBA,SG,1,1,26:46,7,13,.538,1,3,.333,6,7,.857,2,6,2,2,0,2,1,21,https://www.basketball-reference.com/players/d/derozde01.html
2011-12,26,CHI,NBA,SF,1,0,5:51,0,2,.000,0,0,,0,0,,0,0,1,0,0,0,0,0,https://www.basketball-reference.com/players/d/denglu01.html
2012-13,27,CHI,NBA,SF,1,0,17:05,4,10,.400,1,5,.200,1,1,1.000,0,2,1,0,0,2,0,10,https://www.basketball-reference.com/players/d/denglu01.html
2019-20,20,DAL,NBA,PG,1,1,17:31,3,6,.500,2,5,.400,0,0,,0,1,4,1,0,0,0,8,https://www.basketball-reference.com/players/d/doncilu01.html
2017-18,31,MIA,NBA,PG,1,0,11:28,1,3,.333,0,1,.000,0,0,,0,4,1,0,0,1,2,2,https://www.basketball-reference.com/players/d/dragigo01.html
2015-16,22,DET,NBA,C,1,0,18:13,8,11,.727,0,1,.000,0,0,,5,13,0,2,0,1,1,16,https://www.basketball-reference.com/players/d/drumman01.html
2017-18,24,DET,NBA,C,1,0,17:36,7,7,1.000,0,0,,0,0,,1,3,0,0,1,1,2,14,https://www.basketball-reference.com/players/d/drumman01.html
2009-10,21,OKC,NBA,SF,1,0,20:17,7,14,.500,1,3,.333,0,0,,1,5,0,0,0,2,0,15,https://www.basketball-reference.com/players/d/duranke01.html
2010-11,22,OKC,NBA,SF,1,1,30:00,11,23,.478,4,11,.364,8,8,1.000,0,3,2,2,2,0,3,34,https://www.basketball-reference.com/players/d/duranke01.html
2011-12,23,OKC,NBA,SF,1,1,37:23,14,25,.560,3,8,.375,5,7,.714,3,7,3,3,0,2,0,36,https://www.basketball-reference.com/players/d/duranke01.html
2012-13,24,OKC,NBA,SF,1,1,31:22,13,24,.542,3,8,.375,1,1,1.000,0,6,1,2,0,0,3,30,https://www.basketball-reference.com/players/d/duranke01.html
2013-14,25,OKC,NBA,SF,1,1,34:43,14,27,.519,6,17,.353,4,4,1.000,3,10,6,1,0,1,0,38,https://www.basketball-reference.com/players/d/duranke01.html
2014-15,26,OKC,NBA,SF,1,0,9:55,1,6,.167,1,6,.167,0,0,,0,3,1,1,0,2,0,3,https://www.basketball-reference.com/players/d/duranke01.html
2015-16,27,OKC,NBA,SF,1,1,22:55,11,18,.611,1,8,.125,0,0,,2,5,7,2,0,0,0,23,https://www.basketball-reference.com/players/d/duranke01.html
2016-17,28,GSW,NBA,PF,1,1,27:09,9,16,.563,2,8,.250,1,2,.500,4,10,10,2,0,0,1,21,https://www.basketball-reference.com/players/d/duranke01.html
2017-18,29,GSW,NBA,SF,1,1,29:57,7,13,.538,3,8,.375,2,2,1.000,1,6,5,3,1,2,3,19,https://www.basketball-reference.com/players/d/duranke01.html
2018-19,30,GSW,NBA,SF,1,1,25:26,10,15,.667,6,9,.667,5,5,1.000,0,7,2,1,2,2,1,31,https://www.basketball-reference.com/players/d/duranke01.html
2017-18,23,PHI,NBA,C,1,1,20:05,8,13,.615,2,4,.500,1,1,1.000,3,8,1,1,2,0,3,19,https://www.basketball-reference.com/players/e/embiijo01.html
2018-19,24,PHI,NBA,C,1,1,23:11,4,12,.333,0,3,.000,2,4,.500,6,12,1,1,1,1,2,10,https://www.basketball-reference.com/players/e/embiijo01.html
2019-20,25,PHI,NBA,C,1,1,29:10,8,13,.615,0,2,.000,6,8,.750,2,10,1,0,0,2,3,22,https://www.basketball-reference.com/players/e/embiijo01.html
2011-12,27,MEM,NBA,C,1,0,13:32,2,5,.400,0,0,,0,0,,1,3,0,0,0,1,2,4,https://www.basketball-reference.com/players/g/gasolma01.html
2014-15,30,MEM,NBA,C,1,1,24:55,3,6,.500,0,1,.000,0,0,,2,10,2,2,0,1,1,6,https://www.basketball-reference.com/players/g/gasolma01.html
2016-17,32,MEM,NBA,C,1,0,21:29,5,7,.714,0,2,.000,0,0,,3,10,8,1,1,2,0,10,https://www.basketball-reference.com/players/g/gasolma01.html
2012-13,22,IND,NBA,SF,1,0,20:03,7,13,.538,3,6,.500,0,0,,1,3,4,2,0,0,0,17,https://www.basketball-reference.com/players/g/georgpa01.html
2013-14,23,IND,NBA,SF,1,1,33:08,6,13,.462,1,5,.200,5,5,1.000,1,5,5,2,0,1,2,18,https://www.basketball-reference.com/players/g/georgpa01.html
2015-16,25,IND,NBA,SF,1,1,26:49,16,26,.615,9,19,.474,0,0,,0,5,1,1,0,3,0,41,https://www.basketball-reference.com/players/g/georgpa01.html
2016-17,26,IND,NBA,SF,1,0,22:05,6,16,.375,0,7,.000,0,0,,0,5,3,0,0,0,0,12,https://www.basketball-reference.com/players/g/georgpa01.html
2017-18,27,OKC,NBA,SF,1,0,26:30,6,15,.400,4,10,.400,0,0,,1,5,4,1,0,0,2,16,https://www.basketball-reference.com/players/g/georgpa01.html
2018-19,28,OKC,NBA,SF,1,1,25:41,7,14,.500,6,12,.500,0,0,,0,2,4,3,0,0,0,20,https://www.basketball-reference.com/players/g/georgpa01.html
2019-20,27,UTA,NBA,C,1,0,18:50,10,11,.909,0,0,,1,3,.333,5,11,2,0,1,0,0,21,https://www.basketball-reference.com/players/g/goberru01.html
2008-09,25,IND,NBA,SF,1,0,10:43,1,1,1.000,0,0,,0,0,,1,1,0,2,0,1,0,2,https://www.basketball-reference.com/players/g/grangda01.html
2015-16,25,GSW,NBA,PF,1,0,12:08,2,6,.333,0,1,.000,0,0,,1,5,0,2,0,1,1,4,https://www.basketball-reference.com/players/g/greendr01.html
2016-17,26,GSW,NBA,PF,1,0,16:31,1,2,.500,0,0,,0,0,,0,7,6,3,0,2,1,2,https://www.basketball-reference.com/players/g/greendr01.html
2017-18,27,GSW,NBA,PF,1,0,18:14,0,0,,0,0,,3,4,.750,3,5,2,1,2,0,0,3,https://www.basketball-reference.com/players/g/greendr01.html
2010-11,21,LAC,NBA,PF,1,0,14:39,4,6,.667,0,0,,0,0,,2,5,5,0,0,0,0,8,https://www.basketball-reference.com/players/g/griffbl01.html
2011-12,22,LAC,NBA,PF,1,1,31:26,9,12,.750,1,2,.500,3,6,.500,3,8,3,2,0,1,3,22,https://www.basketball-reference.com/players/g/griffbl01.html
2012-13,23,LAC,NBA,PF,1,1,27:24,9,11,.818,0,0,,1,2,.500,2,3,3,2,1,0,3,19,https://www.basketball-reference.com/players/g/griffbl01.html
2013-14,24,LAC,NBA,PF,1,1,31:56,19,23,.826,0,2,.000,0,0,,4,6,1,2,0,2,4,38,https://www.basketball-reference.com/players/g/griffbl01.html
2014-15,25,LAC,NBA,PF,,0,,,,,,,,,,,,,,,,,,,https://www.basketball-reference.com/players/g/griffbl01.html
2018-19,29,DET,NBA,PF,1,0,19:41,4,8,.500,2,4,.500,0,0,,3,6,3,0,0,0,0,10,https://www.basketball-reference.com/players/g/griffbl01.html
2012-13,23,HOU,NBA,SG,1,0,25:50,6,13,.462,3,8,.375,0,0,,1,6,3,0,0,2,2,15,https://www.basketball-reference.com/players/h/hardeja01.html
2013-14,24,HOU,NBA,SG,1,1,23:46,3,7,.429,2,6,.333,0,0,,0,1,5,1,0,2,1,8,https://www.basketball-reference.com/players/h/hardeja01.html
2014-15,25,HOU,NBA,SG,1,1,26:36,11,16,.688,7,12,.583,0,0,,3,8,8,2,0,4,0,29,https://www.basketball-reference.com/players/h/hardeja01.html
2015-16,26,HOU,NBA,SG,1,0,21:05,8,14,.571,7,12,.583,0,0,,0,4,3,0,0,1,0,23,https://www.basketball-reference.com/players/h/hardeja01.html
2016-17,27,HOU,NBA,PG,1,1,30:23,4,9,.444,4,9,.444,0,0,,0,7,12,0,0,10,2,12,https://www.basketball-reference.com/players/h/hardeja01.html
2017-18,28,HOU,NBA,SG,1,1,27:04,5,19,.263,2,13,.154,0,0,,1,7,8,1,1,3,1,12,https://www.basketball-reference.com/players/h/hardeja01.html
2018-19,29,HOU,NBA,PG,1,1,26:13,4,13,.308,4,13,.308,0,0,,0,4,3,1,0,3,1,12,https://www.basketball-reference.com/players/h/hardeja01.html
2019-20,30,HOU,NBA,SG,1,1,17:31,3,9,.333,3,9,.333,2,4,.500,0,3,6,1,2,2,5,11,https://www.basketball-reference.com/players/h/hardeja01.html
2008-09,25,NJN,NBA,PG,1,0,17:06,3,6,.500,0,1,.000,0,0,,1,1,0,0,0,0,0,6,https://www.basketball-reference.com/players/h/harride01.html
2016-17,26,UTA,NBA,SF,1,0,17:17,4,7,.571,0,3,.000,0,0,,1,1,2,4,0,0,0,8,https://www.basketball-reference.com/players/h/haywago01.html
2011-12,25,IND,NBA,C,1,0,10:11,1,3,.333,0,0,,1,1,1.000,1,3,1,0,0,0,0,3,https://www.basketball-reference.com/players/h/hibbero01.html
2013-14,27,IND,NBA,C,1,0,12:19,4,5,.800,0,1,.000,0,0,,1,5,2,0,0,1,0,8,https://www.basketball-reference.com/players/h/hibbero01.html
2012-13,22,PHI,NBA,PG,1,0,15:19,3,6,.500,0,2,.000,0,0,,0,2,1,2,0,1,1,6,https://www.basketball-reference.com/players/h/holidjr01.html
2009-10,23,ATL,NBA,C,1,0,14:19,4,5,.800,0,0,,0,1,.000,0,4,2,1,1,0,1,8,https://www.basketball-reference.com/players/h/horfoal01.html
2010-11,24,ATL,NBA,C,1,0,10:20,1,3,.333,0,0,,0,0,,1,3,0,0,1,0,2,2,https://www.basketball-reference.com/players/h/horfoal01.html
2014-15,28,ATL,NBA,C,1,0,13:30,4,6,.667,0,0,,0,0,,3,7,2,0,0,1,1,8,https://www.basketball-reference.com/players/h/horfoal01.html
2015-16,29,ATL,NBA,C,1,0,9:25,3,3,1.000,1,3,.333,0,0,,0,3,2,0,0,0,0,7,https://www.basketball-reference.com/players/h/horfoal01.html
2017-18,31,BOS,NBA,C,1,0,12:46,2,4,.500,0,2,.000,2,2,1.000,0,5,2,1,0,0,0,6,https://www.basketball-reference.com/players/h/horfoal01.html
2006-07,21,ORL,NBA,C,1,0,20:39,10,14,.714,0,0,,0,5,.000,7,12,1,0,1,3,0,20,https://www.basketball-reference.com/players/h/howardw01.html
2007-08,22,ORL,NBA,C,1,1,30:33,7,7,1.000,0,0,,2,3,.667,5,9,3,3,1,1,4,16,https://www.basketball-reference.com/players/h/howardw01.html
2008-09,23,ORL,NBA,C,1,1,27:30,5,11,.455,0,2,.000,3,5,.600,3,9,0,1,3,1,3,13,https://www.basketball-reference.com/players/h/howardw01.html
2009-10,24,ORL,NBA,C,1,1,27:24,7,10,.700,1,2,.500,2,3,.667,0,5,1,0,3,1,4,17,https://www.basketball-reference.com/players/h/howardw01.html
2010-11,25,ORL,NBA,C,1,1,21:17,2,4,.500,0,2,.000,1,2,.500,2,7,1,1,0,2,4,5,https://www.basketball-reference.com/players/h/howardw01.html
2011-12,26,ORL,NBA,C,1,1,31:10,4,9,.444,0,4,.000,1,2,.500,5,10,3,0,1,1,4,9,https://www.basketball-reference.com/players/h/howardw01.html
2012-13,27,LAL,NBA,C,1,1,14:11,4,6,.667,1,1,1.000,0,0,,0,7,0,0,0,1,1,9,https://www.basketball-reference.com/players/h/howardw01.html
2013-14,28,HOU,NBA,C,1,0,13:17,4,6,.667,0,2,.000,0,0,,4,11,3,0,0,0,0,8,https://www.basketball-reference.com/players/h/howardw01.html
2006-07,26,DAL,NBA,SF,1,0,20:17,1,3,.333,0,1,.000,1,2,.500,1,4,3,0,0,1,1,3,https://www.basketball-reference.com/players/h/howarjo01.html
2011-12,28,PHI,NBA,SF,1,0,14:11,6,7,.857,0,1,.000,0,0,,1,4,2,1,1,1,0,12,https://www.basketball-reference.com/players/i/iguodan01.html
2019-20,22,NOP,NBA,PF,1,0,8:33,1,4,.250,0,3,.000,0,0,,1,1,1,1,0,1,0,2,https://www.basketball-reference.com/players/i/ingrabr01.html
2012-13,20,CLE,NBA,PG,1,0,24:46,6,11,.545,3,6,.500,0,0,,2,3,4,0,0,2,1,15,https://www.basketball-reference.com/players/i/irvinky01.html
2013-14,21,CLE,NBA,PG,1,1,33:51,14,17,.824,3,6,.500,0,0,,1,5,14,0,0,5,4,31,https://www.basketball-reference.com/players/i/irvinky01.html
2014-15,22,CLE,NBA,PG,1,0,19:08,4,9,.444,2,6,.333,1,1,1.000,2,6,5,0,0,1,0,11,https://www.basketball-reference.com/players/i/irvinky01.html
2016-17,24,CLE,NBA,PG,1,1,21:52,8,12,.667,6,8,.750,0,0,,2,7,14,3,0,2,1,22,https://www.basketball-reference.com/players/i/irvinky01.html
2017-18,25,BOS,NBA,PG,1,1,27:36,6,16,.375,1,5,.200,0,0,,2,7,9,1,0,1,2,13,https://www.basketball-reference.com/players/i/irvinky01.html
2018-19,26,BOS,NBA,PG,1,1,24:45,6,12,.500,1,4,.250,0,0,,4,9,6,1,1,1,3,13,https://www.basketball-reference.com/players/i/irvinky01.html
2004-05,20,CLE,NBA,SF,1,1,31:25,6,13,.462,1,4,.250,0,1,.000,1,8,6,2,0,3,0,13,https://www.basketball-reference.com/players/j/jamesle01.html
2005-06,21,CLE,NBA,SF,1,1,30:34,12,21,.571,4,10,.400,1,5,.200,2,6,2,2,0,1,2,29,https://www.basketball-reference.com/players/j/jamesle01.html
2006-07,22,CLE,NBA,SF,1,1,32:16,11,20,.550,4,8,.500,2,2,1.000,0,6,6,1,0,4,0,28,https://www.basketball-reference.com/players/j/jamesle01.html
2007-08,23,CLE,NBA,SF,1,1,30:15,12,22,.545,2,7,.286,1,1,1.000,1,8,9,2,2,4,3,27,https://www.basketball-reference.com/players/j/jamesle01.html
2008-09,24,CLE,NBA,SF,1,1,26:50,8,19,.421,2,5,.400,2,2,1.000,0,5,3,0,0,3,0,20,https://www.basketball-reference.com/players/j/jamesle01.html
2009-10,25,CLE,NBA,SF,1,1,32:28,10,22,.455,1,6,.167,4,4,1.000,1,5,6,4,0,2,1,25,https://www.basketball-reference.com/players/j/jamesle01.html
2010-11,26,MIA,NBA,SF,1,1,32:20,10,18,.556,0,3,.000,9,10,.900,2,12,10,0,0,4,3,29,https://www.basketball-reference.com/players/j/jamesle01.html
2011-12,27,MIA,NBA,SF,1,1,32:09,15,23,.652,6,8,.750,0,0,,0,6,7,0,0,4,2,36,https://www.basketball-reference.com/players/j/jamesle01.html
2012-13,28,MIA,NBA,PF,1,1,30:02,7,18,.389,3,7,.429,2,4,.500,0,3,5,1,0,4,0,19,https://www.basketball-reference.com/players/j/jamesle01.html
2013-14,29,MIA,NBA,PF,1,1,33:08,11,22,.500,0,7,.000,0,0,,1,7,7,3,0,1,0,22,https://www.basketball-reference.com/players/j/jamesle01.html
2014-15,30,CLE,NBA,SF,1,1,31:45,11,21,.524,4,12,.333,4,5,.800,1,5,7,2,0,4,1,30,https://www.basketball-reference.com/players/j/jamesle01.html
2015-16,31,CLE,NBA,SF,1,1,20:13,6,13,.462,1,5,.200,0,0,,0,4,7,0,0,4,0,13,https://www.basketball-reference.com/players/j/jamesle01.html
2016-17,32,CLE,NBA,SF,1,1,19:29,10,17,.588,3,8,.375,0,0,,0,3,1,0,0,4,2,23,https://www.basketball-reference.com/players/j/jamesle01.html
2017-18,33,CLE,NBA,PF,1,1,31:17,12,17,.706,4,8,.500,1,1,1.000,0,10,8,1,0,5,2,29,https://www.basketball-reference.com/players/j/jamesle01.html
2018-19,34,LAL,NBA,SF,1,1,26:32,9,17,.529,1,8,.125,0,1,.000,2,8,4,0,2,1,1,19,https://www.basketball-reference.com/players/j/jamesle01.html
2019-20,35,LAL,NBA,PG,1,1,18:48,9,20,.450,2,10,.200,3,4,.750,2,5,6,1,2,6,1,23,https://www.basketball-reference.com/players/j/jamesle01.html
2018-19,23,DEN,NBA,C,1,0,13:11,3,4,.750,0,0,,0,0,,3,9,0,0,0,1,1,6,https://www.basketball-reference.com/players/j/jokicni01.html
2019-20,24,DEN,NBA,C,1,0,11:58,2,4,.500,1,3,.333,0,0,,0,2,1,1,0,0,1,5,https://www.basketball-reference.com/players/j/jokicni01.html
2016-17,28,LAC,NBA,C,1,0,12:30,3,5,.600,0,2,.000,0,0,,0,3,2,0,0,0,1,6,https://www.basketball-reference.com/players/j/jordade01.html
2009-10,27,LAC,NBA,C,1,0,10:43,2,4,.500,0,0,,0,0,,2,3,1,0,0,1,0,4,https://www.basketball-reference.com/players/k/kamanch01.html
2014-15,33,ATL,NBA,SG,1,0,15:35,7,13,.538,7,12,.583,0,0,,0,1,2,0,0,0,1,21,https://www.basketball-reference.com/players/k/korveky01.html
2009-10,26,NYK,NBA,C,1,0,12:26,2,3,.667,0,0,,0,0,,0,2,1,0,0,3,1,4,https://www.basketball-reference.com/players/l/leeda02.html
2012-13,29,GSW,NBA,PF,1,0,13:25,3,4,.750,0,0,,0,0,,0,2,0,2,0,1,1,6,https://www.basketball-reference.com/players/l/leeda02.html
2015-16,24,SAS,NBA,SF,1,1,25:39,8,15,.533,1,6,.167,0,0,,3,6,3,2,0,2,0,17,https://www.basketball-reference.com/players/l/leonaka01.html
2016-17,25,SAS,NBA,SF,1,1,14:47,2,4,.500,0,2,.000,0,0,,0,2,2,1,0,0,0,4,https://www.basketball-reference.com/players/l/leonaka01.html
2018-19,27,TOR,NBA,SF,1,1,18:33,7,14,.500,5,11,.455,0,0,,1,5,2,0,1,0,1,19,https://www.basketball-reference.com/players/l/leonaka01.html
2019-20,28,LAC,NBA,SF,1,1,20:21,11,18,.611,8,14,.571,0,0,,1,7,4,2,0,1,2,30,https://www.basketball-reference.com/players/l/leonaka01.html
2013-14,23,POR,NBA,PG,1,0,8:44,3,8,.375,3,6,.500,0,0,,0,1,0,0,0,1,1,9,https://www.basketball-reference.com/players/l/lillada01.html
2014-15,24,POR,NBA,PG,1,0,16:28,4,12,.333,3,9,.333,0,0,,2,2,2,1,0,4,0,11,https://www.basketball-reference.com/players/l/lillada01.html
2017-18,27,POR,NBA,PG,1,0,20:56,9,14,.643,3,8,.375,0,0,,2,3,2,0,0,1,0,21,https://www.basketball-reference.com/players/l/lillada01.html
2018-19,28,POR,NBA,PG,1,0,24:41,6,17,.353,6,17,.353,0,0,,3,6,5,2,0,1,0,18,https://www.basketball-reference.com/players/l/lillada01.html
2019-20,29,POR,NBA,PG,,0,,,,,,,,,,,,,,,,,,,https://www.basketball-reference.com/players/l/lillada01.html
2012-13,24,BRK,NBA,C,1,0,10:35,0,1,.000,0,1,.000,3,4,.750,2,5,3,0,0,1,1,3,https://www.basketball-reference.com/players/l/lopezbr01.html
2010-11,22,MIN,NBA,PF,1,0,11:44,1,3,.333,0,0,,0,0,,0,4,1,0,0,1,0,2,https://www.basketball-reference.com/players/l/loveke01.html
2011-12,23,MIN,NBA,PF,1,0,18:24,7,12,.583,2,4,.500,1,3,.333,2,7,1,3,0,1,0,17,https://www.basketball-reference.com/players/l/loveke01.html
2013-14,25,MIN,NBA,PF,1,1,32:46,5,11,.455,2,7,.286,1,4,.250,1,9,2,1,0,1,0,13,https://www.basketball-reference.com/players/l/loveke01.html
2016-17,28,CLE,NBA,PF,,0,0:00,0,0,,0,0,,0,0,,0,0,0,0,0,0,0,0,https://www.basketball-reference.com/players/l/loveke01.html
2017-18,29,CLE,NBA,C,,0,,,,,,,,,,,,,,,,,,,https://www.basketball-reference.com/players/l/loveke01.html
2014-15,28,TOR,NBA,PG,1,1,25:35,4,13,.308,2,11,.182,0,0,,1,3,8,4,0,1,0,10,https://www.basketball-reference.com/players/l/lowryky01.html
2015-16,29,TOR,NBA,PG,1,1,28:31,5,13,.385,4,12,.333,0,0,,0,5,10,2,1,6,2,14,https://www.basketball-reference.com/players/l/lowryky01.html
2016-17,30,TOR,NBA,PG,1,0,17:43,7,11,.636,5,9,.556,0,0,,1,3,0,2,0,3,1,19,https://www.basketball-reference.com/players/l/lowryky01.html
2017-18,31,TOR,NBA,PG,1,0,21:26,2,11,.182,0,8,.000,0,0,,2,7,11,3,0,1,1,4,https://www.basketball-reference.com/players/l/lowryky01.html
2018-19,32,TOR,NBA,PG,1,0,12:44,1,5,.200,1,4,.250,0,0,,0,3,3,0,0,1,1,3,https://www.basketball-reference.com/players/l/lowryky01.html
2019-20,33,TOR,NBA,PG,1,0,28:14,4,12,.333,1,4,.250,4,4,1.000,0,5,8,3,0,3,4,13,https://www.basketball-reference.com/players/l/lowryky01.html
2018-19,27,MIL,NBA,SF,1,0,21:37,7,13,.538,6,10,.600,0,0,,4,5,4,0,0,1,0,20,https://www.basketball-reference.com/players/m/middlkh01.html
2019-20,28,MIL,NBA,SF,1,0,23:09,2,7,.286,1,5,.200,0,0,,0,1,2,0,0,0,0,5,https://www.basketball-reference.com/players/m/middlkh01.html
2013-14,28,ATL,NBA,PF,1,0,14:52,3,5,.600,0,2,.000,0,0,,0,3,1,0,0,0,0,6,https://www.basketball-reference.com/players/m/millspa01.html
2014-15,29,ATL,NBA,PF,1,0,15:35,2,6,.333,1,3,.333,0,0,,1,6,3,2,0,2,0,5,https://www.basketball-reference.com/players/m/millspa01.html
2015-16,30,ATL,NBA,PF,1,0,19:04,1,6,.167,1,2,.500,0,0,,1,3,1,0,0,0,0,3,https://www.basketball-reference.com/players/m/millspa01.html
2016-17,31,ATL,NBA,PF,1,0,13:26,2,4,.500,1,3,.333,0,0,,0,5,3,1,0,0,0,5,https://www.basketball-reference.com/players/m/millspa01.html
2019-20,23,UTA,NBA,SG,1,0,14:16,3,10,.300,1,3,.333,0,0,,0,5,4,2,1,1,1,7,https://www.basketball-reference.com/players/m/mitchdo01.html
2008-09,26,ORL,NBA,PG,,,,,,,,,,,,,,,,,,,,,https://www.basketball-reference.com/players/n/nelsoja01.html
2012-13,27,CHI,NBA,C,1,0,16:12,4,7,.571,0,0,,0,0,,3,10,3,0,1,1,1,8,https://www.basketball-reference.com/players/n/noahjo01.html
2013-14,28,CHI,NBA,C,1,0,20:46,4,5,.800,0,0,,0,0,,0,5,5,1,0,1,2,8,https://www.basketball-reference.com/players/n/noahjo01.html
2017-18,25,IND,NBA,SG,1,0,15:00,3,8,.375,1,6,.167,0,0,,0,2,3,3,0,0,0,7,https://www.basketball-reference.com/players/o/oladivi01.html
2018-19,26,IND,NBA,SG,,0,,,,,,,,,,,,,,,,,,,https://www.basketball-reference.com/players/o/oladivi01.html
2007-08,22,NOH,NBA,PG,1,0,27:16,7,14,.500,2,6,.333,0,0,,2,3,14,4,0,2,5,16,https://www.basketball-reference.com/players/p/paulch01.html
2008-09,23,NOH,NBA,PG,1,1,29:14,7,14,.500,0,1,.000,0,0,,1,7,14,3,0,1,4,14,https://www.basketball-reference.com/players/p/paulch01.html
2009-10,24,NOH,NBA,PG,,,,,,,,,,,,,,,,,,,,,https://www.basketball-reference.com/players/p/paulch01.html
2010-11,25,NOH,NBA,PG,1,1,28:32,3,7,.429,2,3,.667,2,2,1.000,1,4,7,5,0,3,3,10,https://www.basketball-reference.com/players/p/paulch01.html
2011-12,26,LAC,NBA,PG,1,1,30:57,3,7,.429,2,5,.400,0,0,,0,5,12,1,0,2,1,8,https://www.basketball-reference.com/players/p/paulch01.html
2012-13,27,LAC,NBA,PG,1,1,27:17,7,10,.700,4,5,.800,2,3,.667,0,0,15,4,0,3,0,20,https://www.basketball-reference.com/players/p/paulch01.html
2013-14,28,LAC,NBA,PG,1,0,24:29,4,9,.444,1,4,.250,2,2,1.000,2,4,13,3,0,3,1,11,https://www.basketball-reference.com/players/p/paulch01.html
2014-15,29,LAC,NBA,PG,1,0,26:46,6,13,.462,0,3,.000,0,0,,1,6,15,2,0,2,0,12,https://www.basketball-reference.com/players/p/paulch01.html
2015-16,30,LAC,NBA,PG,1,0,19:10,5,7,.714,4,6,.667,0,0,,0,4,16,1,0,4,1,14,https://www.basketball-reference.com/players/p/paulch01.html
2019-20,34,OKC,NBA,PG,1,0,25:31,8,13,.615,7,11,.636,0,0,,0,2,6,0,0,2,4,23,https://www.basketball-reference.com/players/p/paulch01.html
2017-18,22,NYK,NBA,PF,,0,,,,,,,,,,,,,,,,,,,https://www.basketball-reference.com/players/p/porzikr01.html
2009-10,23,BOS,NBA,PG,1,0,19:49,2,3,.667,0,0,,0,0,,1,1,5,1,0,2,1,4,https://www.basketball-reference.com/players/r/rondora01.html
2010-11,24,BOS,NBA,PG,1,0,20:34,3,5,.600,0,0,,0,0,,2,2,8,0,0,2,0,6,https://www.basketball-reference.com/players/r/rondora01.html
2011-12,25,BOS,NBA,PG,1,0,15:34,1,3,.333,0,0,,0,0,,0,2,8,0,0,4,1,2,https://www.basketball-reference.com/players/r/rondora01.html
2012-13,26,BOS,NBA,PG,,,,,,,,,,,,,,,,,,,,,https://www.basketball-reference.com/players/r/rondora01.html
2009-10,21,CHI,NBA,PG,1,0,15:25,4,8,.500,0,0,,0,0,,0,0,4,3,0,1,0,8,https://www.basketball-reference.com/players/r/rosede01.html
2010-11,22,CHI,NBA,PG,1,1,29:57,5,13,.385,0,1,.000,1,2,.500,1,3,5,1,0,1,0,11,https://www.basketball-reference.com/players/r/rosede01.html
2011-12,23,CHI,NBA,PG,1,1,18:17,6,8,.750,2,2,1.000,0,0,,1,1,3,0,0,2,1,14,https://www.basketball-reference.com/players/r/rosede01.html
2007-08,23,POR,NBA,SG,1,0,28:34,8,10,.800,2,3,.667,0,0,,1,9,5,1,1,0,2,18,https://www.basketball-reference.com/players/r/roybr01.html
2008-09,24,POR,NBA,SG,1,0,31:10,7,8,.875,0,0,,0,0,,0,5,5,0,0,0,2,14,https://www.basketball-reference.com/players/r/roybr01.html
2009-10,25,POR,NBA,SG,,,,,,,,,,,,,,,,,,,,,https://www.basketball-reference.com/players/r/roybr01.html
2018-19,22,BRK,NBA,PG,1,0,12:05,2,5,.400,2,5,.400,0,0,,0,1,3,0,0,1,0,6,https://www.basketball-reference.com/players/r/russeda01.html
2019-20,23,IND,NBA,PF,1,0,19:00,0,1,.000,0,0,,2,4,.500,3,6,0,0,0,1,0,2,https://www.basketball-reference.com/players/s/sabondo01.html
2019-20,25,TOR,NBA,PF,1,1,17:33,7,10,.700,0,2,.000,1,2,.500,0,6,0,1,0,1,4,15,https://www.basketball-reference.com/players/s/siakapa01.html
2018-19,22,PHI,NBA,PG,1,0,16:35,5,5,1.000,0,0,,0,0,,4,6,7,1,0,0,0,10,https://www.basketball-reference.com/players/s/simmobe01.html
2019-20,23,PHI,NBA,PG,1,0,29:18,8,9,.889,0,0,,1,2,.500,1,6,5,2,1,0,0,17,https://www.basketball-reference.com/players/s/simmobe01.html
2019-20,21,BOS,NBA,PF,1,0,13:37,3,8,.375,0,4,.000,0,0,,0,1,3,3,0,0,0,6,https://www.basketball-reference.com/players/t/tatumja01.html
2014-15,26,ATL,NBA,PG,1,0,13:27,6,9,.667,2,2,1.000,0,0,,0,1,2,2,0,1,0,14,https://www.basketball-reference.com/players/t/teaguje01.html
2015-16,26,BOS,NBA,PG,1,0,18:59,4,11,.364,1,5,.200,0,0,,3,3,1,1,0,1,1,9,https://www.basketball-reference.com/players/t/thomais02.html
2016-17,27,BOS,NBA,PG,1,0,18:48,7,15,.467,4,10,.400,2,2,1.000,1,1,3,0,0,2,0,20,https://www.basketball-reference.com/players/t/thomais02.html
2014-15,24,GSW,NBA,SG,1,1,19:43,2,11,.182,1,9,.111,2,2,1.000,1,4,6,0,0,0,0,7,https://www.basketball-reference.com/players/t/thompkl01.html
2015-16,25,GSW,NBA,SG,1,0,21:05,3,11,.273,3,10,.300,0,0,,1,2,2,1,0,0,0,9,https://www.basketball-reference.com/players/t/thompkl01.html
2016-17,26,GSW,NBA,SG,1,0,17:37,5,9,.556,2,6,.333,0,0,,0,2,5,0,0,0,1,12,https://www.basketball-reference.com/players/t/thompkl01.html
2017-18,27,GSW,NBA,SG,1,0,21:25,5,11,.455,5,10,.500,0,0,,1,4,0,0,0,1,0,15,https://www.basketball-reference.com/players/t/thompkl01.html
2018-19,28,GSW,NBA,SG,1,0,22:18,7,16,.438,6,12,.500,0,0,,1,8,4,1,0,0,2,20,https://www.basketball-reference.com/players/t/thompkl01.html
2017-18,22,MIN,NBA,C,1,0,18:11,7,11,.636,1,4,.250,2,2,1.000,4,10,0,0,0,1,0,17,https://www.basketball-reference.com/players/t/townska01.html
2018-19,23,MIN,NBA,C,1,0,11:08,5,7,.714,1,3,.333,0,0,,2,3,1,1,0,0,0,11,https://www.basketball-reference.com/players/t/townska01.html
2018-19,28,ORL,NBA,C,1,0,11:38,2,2,1.000,0,0,,0,0,,2,5,2,1,0,0,0,4,https://www.basketball-reference.com/players/v/vucevni01.html
2004-05,23,MIA,NBA,SG,1,0,23:28,6,13,.462,0,1,.000,2,2,1.000,2,3,1,2,1,1,2,14,https://www.basketball-reference.com/players/w/wadedw01.html
2005-06,24,MIA,NBA,SG,1,1,30:39,9,11,.818,0,0,,2,2,1.000,3,4,3,2,1,3,1,20,https://www.basketball-reference.com/players/w/wadedw01.html
2006-07,25,MIA,NBA,SG,1,1,24:22,5,12,.417,0,0,,0,0,,0,0,3,6,0,5,2,10,https://www.basketball-reference.com/players/w/wadedw01.html
2007-08,26,MIA,NBA,SG,1,1,21:48,7,12,.583,0,1,.000,0,2,.000,1,4,3,0,1,2,1,14,https://www.basketball-reference.com/players/w/wadedw01.html
2008-09,27,MIA,NBA,SG,1,1,26:39,6,13,.462,2,6,.333,4,7,.571,2,2,5,3,0,0,2,18,https://www.basketball-reference.com/players/w/wadedw01.html
2009-10,28,MIA,NBA,SG,1,1,31:20,12,16,.750,0,1,.000,4,6,.667,3,6,11,5,0,3,4,28,https://www.basketball-reference.com/players/w/wadedw01.html
2010-11,29,MIA,NBA,SG,1,1,20:16,6,9,.667,0,1,.000,2,2,1.000,1,4,2,1,0,4,2,14,https://www.basketball-reference.com/players/w/wadedw01.html
2011-12,30,MIA,NBA,SG,1,1,32:54,11,15,.733,0,1,.000,2,2,1.000,3,10,10,2,0,4,4,24,https://www.basketball-reference.com/players/w/wadedw01.html
2012-13,31,MIA,NBA,SG,1,1,28:49,10,13,.769,1,2,.500,0,0,,1,3,7,2,2,4,2,21,https://www.basketball-reference.com/players/w/wadedw01.html
2013-14,32,MIA,NBA,SG,1,1,11:41,5,6,.833,0,0,,0,0,,1,1,3,2,0,1,0,10,https://www.basketball-reference.com/players/w/wadedw01.html
2014-15,33,MIA,NBA,SG,,0,,,,,,,,,,,,,,,,,,,https://www.basketball-reference.com/players/w/wadedw01.html
2015-16,34,MIA,NBA,SG,1,1,22:56,4,7,.571,0,1,.000,0,0,,1,4,6,2,0,3,0,8,https://www.basketball-reference.com/players/w/wadedw01.html
2018-19,37,MIA,NBA,SG,1,0,10:27,2,4,.500,1,2,.500,2,2,1.000,0,2,4,0,0,1,0,7,https://www.basketball-reference.com/players/w/wadedw01.html
2016-17,26,CHO,NBA,PG,1,0,20:15,3,6,.500,1,4,.250,0,0,,1,3,6,1,0,0,0,7,https://www.basketball-reference.com/players/w/walkeke02.html
2017-18,27,CHO,NBA,PG,1,0,14:09,5,10,.500,1,5,.200,0,0,,1,2,1,0,0,0,0,11,https://www.basketball-reference.com/players/w/walkeke02.html
2018-19,28,CHO,NBA,PG,1,1,20:19,2,8,.250,0,5,.000,0,0,,0,1,8,1,0,0,0,4,https://www.basketball-reference.com/players/w/walkeke02.html
2019-20,29,BOS,NBA,PG,1,1,29:10,9,18,.500,5,11,.455,0,0,,1,3,3,1,0,3,1,23,https://www.basketball-reference.com/players/w/walkeke02.html
2013-14,23,WAS,NBA,PG,1,0,15:04,5,7,.714,0,1,.000,2,2,1.000,0,5,4,2,0,3,1,12,https://www.basketball-reference.com/players/w/walljo01.html
2014-15,24,WAS,NBA,PG,1,1,29:17,9,16,.563,1,4,.250,0,0,,0,3,7,2,0,4,1,19,https://www.basketball-reference.com/players/w/walljo01.html
2015-16,25,WAS,NBA,PG,1,0,19:29,10,14,.714,2,2,1.000,0,0,,0,3,3,1,0,2,0,22,https://www.basketball-reference.com/players/w/walljo01.html
2016-17,26,WAS,NBA,PG,1,0,20:58,6,12,.500,0,2,.000,0,0,,1,6,4,4,0,3,1,12,https://www.basketball-reference.com/players/w/walljo01.html
2017-18,27,WAS,NBA,PG,,0,,,,,,,,,,,,,,,,,,,https://www.basketball-reference.com/players/w/walljo01.html
2007-08,27,NOH,NBA,PF,1,0,16:16,3,6,.500,0,0,,0,0,,2,4,1,0,0,1,1,6,https://www.basketball-reference.com/players/w/westda01.html
2008-09,28,NOH,NBA,PF,1,0,14:09,3,5,.600,0,0,,0,0,,1,3,0,1,0,0,2,6,https://www.basketball-reference.com/players/w/westda01.html
2010-11,22,OKC,NBA,PG,1,0,14:08,6,12,.500,0,1,.000,0,2,.000,3,5,2,0,0,0,1,12,https://www.basketball-reference.com/players/w/westbru01.html
2011-12,23,OKC,NBA,PG,1,0,27:31,10,17,.588,1,4,.250,0,2,.000,5,5,2,2,0,1,3,21,https://www.basketball-reference.com/players/w/westbru01.html
2012-13,24,OKC,NBA,PG,1,0,18:06,7,13,.538,0,3,.000,0,0,,2,4,3,1,0,2,1,14,https://www.basketball-reference.com/players/w/westbru01.html
2014-15,26,OKC,NBA,PG,1,0,25:33,16,28,.571,5,9,.556,4,4,1.000,3,5,1,3,0,1,0,41,https://www.basketball-reference.com/players/w/westbru01.html
2015-16,27,OKC,NBA,PG,1,1,22:11,12,23,.522,7,17,.412,0,0,,3,8,5,5,0,3,1,31,https://www.basketball-reference.com/players/w/westbru01.html
2016-17,28,OKC,NBA,PG,1,0,19:42,16,26,.615,7,13,.538,2,2,1.000,2,5,7,1,0,2,1,41,https://www.basketball-reference.com/players/w/westbru01.html
2017-18,29,OKC,NBA,PG,1,1,28:28,4,11,.364,1,6,.167,2,3,.667,3,8,8,0,0,2,2,11,https://www.basketball-reference.com/players/w/westbru01.html
2018-19,30,OKC,NBA,PG,1,0,19:20,8,20,.400,1,8,.125,0,0,,0,4,3,1,0,1,0,17,https://www.basketball-reference.com/players/w/westbru01.html
2019-20,31,HOU,NBA,PG,1,0,27:04,2,10,.200,0,4,.000,2,4,.500,2,3,3,0,0,1,0,6,https://www.basketball-reference.com/players/w/westbru01.html
2009-10,25,UTA,NBA,PG,1,0,28:01,6,11,.545,2,4,.500,0,0,,0,3,6,4,1,5,4,14,https://www.basketball-reference.com/players/w/willide01.html
2010-11,26,UTA,NBA,PG,1,0,17:53,2,7,.286,1,3,.333,0,0,,0,1,7,1,1,2,0,5,https://www.basketball-reference.com/players/w/willide01.html
2011-12,27,NJN,NBA,PG,1,0,18:08,8,11,.727,4,7,.571,0,0,,1,3,4,1,0,0,2,20,https://www.basketball-reference.com/players/w/willide01.html
2008-09,26,CLE,NBA,PG,1,0,16:42,5,10,.500,2,5,.400,0,0,,1,2,5,0,0,2,0,12,https://www.basketball-reference.com/players/w/willima01.html
2019-20,21,ATL,NBA,PG,1,1,15:45,4,10,.400,2,6,.333,0,0,,0,3,10,0,0,4,1,10,https://www.basketball-reference.com/players/y/youngtr01.html
